Country Name,Country Code,Indicator Name,Indicator Code,1960,1961,1962,1963,1964,1965,1966,1967,1968,1969,1970,1971,1972,1973,1974,1975,1976,1977,1978,1979,1980,1981,1982,1983,1984,1985,1986,1987,1988,1989,1990,1991,1992,1993,1994,1995,1996,1997,1998,1999,2000,2001,2002,2003,2004,2005,2006,2007,2008,2009,2010,2011,2012,2013,2014
Aruba,ABW,Land area (sq. km),AG.LND.TOTL.K2,,180,180,180,180,180,180,180,180,180,180,180,180,180,180,180,180,180,180,180,180,180,180,180,180,180,180,180,180,180,180,180,180,180,180,180,180,180,180,180,180,180,180,180,180,180,180,180,180,180,180,180,180,180,180
Afghanistan,AFG,Land area (sq. km),AG.LND.TOTL.K2,,652860,652860,652860,652860,652860,652860,652860,652860,652860,652860,652860,652860,652860,652860,652860,652860,652860,652860,652860,652860,652860,652860,652860,652860,652860,652860,652860,652860,652860,652860,652860,652860,652860,652860,652860,652860,652860,652860,652860,652860,652860,652860,652860,652860,652860,652860,652860,652860,652860,652860,652860,652860,652860,652860
Angola,AGO,Land area (sq. km),AG.LND.TOTL.K2,,1246700,1246700,1246700,1246700,1246700,1246700,1246700,1246700,1246700,1246700,1246700,1246700,1246700,1246700,1246700,1246700,1246700,1246700,1246700,1246700,1246700,1246700,1246700,1246700,1246700,1246700,1246700,1246700,1246700,1246700,1246700,1246700,1246700,1246700,1246700,1246700,1246700,1246700,1246700,1246700,1246700,1246700,1246700,1246700,1246700,1246700,1246700,1246700,1246700,1246700,1246700,1246700,1246700,1246700
Albania,ALB,Land area (sq. km),AG.LND.TOTL.K2,,27400,27400,27400,27400,27400,27400,27400,27400,27400,27400,27400,27400,27400,27400,27400,27400,27400,27400,27400,27400,27400,27400,27400,27400,27400,27400,27400,27400,27400,27400,27400,27400,27400,27400,27400,27400,27400,27400,27400,27400,27400,27400,27400,27400,27400,27400,27400,27400,27400,27400,27400,27400,27400,27400
Andorra,AND,Land area (sq. km),AG.LND.TOTL.K2,,470,470,470,470,470,470,470,470,470,470,470,470,470,470,470,470,470,470,470,470,470,470,470,470,470,470,470,470,470,470,470,470,470,470,470,470,470,470,470,470,470,470,470,470,470,470,470,470,470,470,470,470,470,470
United Arab Emirates,ARE,Land area (sq. km),AG.LND.TOTL.K2,,83600,83600,83600,83600,83600,83600,83600,83600,83600,83600,83600,83600,83600,83600,83600,83600,83600,83600,83600,83600,83600,83600,83600,83600,83600,83600,83600,83600,83600,83600,83600,83600,83600,83600,83600,83600,83600,83600,83600,83600,83600,83600,83600,83600,83600,83600,83600,83600,83600,83600,83600,83600,83600,83600
Argentina,ARG,Land area (sq. km),AG.LND.TOTL.K2,,2736690,2736690,2736690,2736690,2736690,2736690,2736690,2736690,2736690,2736690,2736690,2736690,2736690,2736690,2736690,2736690,2736690,2736690,2736690,2736690,2736690,2736690,2736690,2736690,2736690,2736690,2736690,2736690,2736690,2736690,2736690,2736690,2736690,2736690,2736690,2736690,2736690,2736690,2736690,2736690,2736690,2736690,2736690,2736690,2736690,2736690,2736690,2736690,2736690,2736690,2736690,2736690,2736690,2736690
Armenia,ARM,Land area (sq. km),AG.LND.TOTL.K2,,28470,28470,28470,28470,28470,28470,28470,28470,28470,28470,28470,28470,28470,28470,28470,28470,28470,28470,28470,28470,28470,28470,28470,28470,28470,28470,28470,28470,28470,28470,28470,28470,28470,28470,28470,28470,28470,28470,28470,28470,28470,28470,28470,28470,28470,28470,28470,28470,28470,28470,28470,28470,28470,28470
American Samoa,ASM,Land area (sq. km),AG.LND.TOTL.K2,,200,200,200,200,200,200,200,200,200,200,200,200,200,200,200,200,200,200,200,200,200,200,200,200,200,200,200,200,200,200,200,200,200,200,200,200,200,200,200,200,200,200,200,200,200,200,200,200,200,200,200,200,200,200
Antigua and Barbuda,ATG,Land area (sq. km),AG.LND.TOTL.K2,,440,440,440,440,440,440,440,440,440,440,440,440,440,440,440,440,440,440,440,440,440,440,440,440,440,440,440,440,440,440,440,440,440,440,440,440,440,440,440,440,440,440,440,440,440,440,440,440,440,440,440,440,440,440
Australia,AUS,Land area (sq. km),AG.LND.TOTL.K2,,7682300,7682300,7682300,7682300,7682300,7682300,7682300,7682300,7682300,7682300,7682300,7682300,7682300,7682300,7682300,7682300,7682300,7682300,7682300,7682300,7682300,7682300,7682300,7682300,7682300,7682300,7682300,7682300,7682300,7682300,7682300,7682300,7682300,7682300,7682300,7682300,7682300,7682300,7682300,7682300,7682300,7682300,7682300,7682300,7682300,7682300,7682300,7682300,7682300,7682300,7682300,7682300,7682300,7682300
Austria,AUT,Land area (sq. km),AG.LND.TOTL.K2,,82580,82580,82580,82580,82580,82580,82580,82580,82580,82580,82580,82580,82580,82580,82580,82580,82580,82580,82580,82580,82580,82580,82580,82580,82580,82580,82580,82580,82580,82580,82580,82580,82580,82580,82580,82580,82580,82580,82580,82580,82580,82580,82580,82580,82580,82580,82578,82578,82571,82561,82554,82540,82531,82531
Azerbaijan,AZE,Land area (sq. km),AG.LND.TOTL.K2,,83217,83217,83217,83217,83217,83217,83217,83217,83217,83217,83217,83217,83217,83217,83217,83217,83217,83217,83217,83217,83217,83217,83217,83217,83217,83217,83217,83217,83217,83217,83217,83217,83217,83217,83217,83217,83217,83092,82705,82605,82604,82618,82652,82672,82660,82637,82629,82627,82622,82656,82658,82658,82659,82659
Burundi,BDI,Land area (sq. km),AG.LND.TOTL.K2,,25680,25680,25680,25680,25680,25680,25680,25680,25680,25680,25680,25680,25680,25680,25680,25680,25680,25680,25680,25680,25680,25680,25680,25680,25680,25680,25680,25680,25680,25680,25680,25680,25680,25680,25680,25680,25680,25680,25680,25680,25680,25680,25680,25680,25680,25680,25680,25680,25680,25680,25680,25680,25680,25680
Belgium,BEL,Land area (sq. km),AG.LND.TOTL.K2,,,,,,,,,,,,,,,,,,,,,,,,,,,,,,,,,,,,,,,,,30280,30280,30280,30280,30280,30280,30280,30280,30280,30280,30280,30280,30280,30280,30280
Benin,BEN,Land area (sq. km),AG.LND.TOTL.K2,,112760,112760,112760,112760,112760,112760,112760,112760,112760,112760,112760,112760,112760,112760,112760,112760,112760,112760,112760,112760,112760,112760,112760,112760,112760,112760,112760,112760,112760,112760,112760,112760,112760,112760,112760,112760,112760,112760,112760,112760,112760,112760,112760,112760,112760,112760,112760,112760,112760,112760,112760,112760,112760,112760
Burkina Faso,BFA,Land area (sq. km),AG.LND.TOTL.K2,,273600,273600,273600,273600,273600,273600,273600,273600,273600,273600,273600,273600,273600,273600,273600,273600,273600,273600,273600,273600,273600,273600,273600,273600,273600,273600,273600,273600,273600,273600,273600,273600,273600,273600,273600,273600,273600,273600,273600,273600,273600,273600,273600,273600,273600,273600,273600,273600,273600,273600,273600,273600,273600,273600
Bangladesh,BGD,Land area (sq. km),AG.LND.TOTL.K2,,130170,130170,130170,130170,130170,130170,130170,130170,130170,130170,130170,130170,130170,130170,130170,130170,130170,130170,130170,130170,130170,130170,130170,130170,130170,130170,130170,130170,130170,130170,130170,130170,130170,130170,130170,130170,130170,130170,130170,130170,130170,130170,130170,130170,130170,130170,130170,130170,130170,130170,130170,130170,130170,130170
Bulgaria,BGR,Land area (sq. km),AG.LND.TOTL.K2,,110630,110630,110630,110630,110630,110630,110630,110630,110630,110630,110630,110630,110630,110630,110630,110630,110630,110630,110630,110630,110630,110630,110630,110630,110630,110630,110630,110630,110630,110630,110630,110630,110630,110630,110630,110630,110630,110630,110630,110630,110630,108800,108770,108760,108640,108630,108610,108610,108560,108560,108560,108560,108560,108560
Bahrain,BHR,Land area (sq. km),AG.LND.TOTL.K2,,690,690,690,690,690,690,690,690,690,690,690,690,690,690,690,690,690,690,690,690,690,690,690,690,690,690,690,690,690,690,690,710,710,710,710,710,710,710,710,710,710,710,720,730,740,740,750,760,760,762,767,770,770,770
"Bahamas, The",BHS,Land area (sq. km),AG.LND.TOTL.K2,,10010,10010,10010,10010,10010,10010,10010,10010,10010,10010,10010,10010,10010,10010,10010,10010,10010,10010,10010,10010,10010,10010,10010,10010,10010,10010,10010,10010,10010,10010,10010,10010,10010,10010,10010,10010,10010,10010,10010,10010,10010,10010,10010,10010,10010,10010,10010,10010,10010,10010,10010,10010,10010,10010
Bosnia and Herzegovina,BIH,Land area (sq. km),AG.LND.TOTL.K2,,51000,51000,51000,51000,51000,51000,51000,51000,51000,51000,51000,51000,51000,51000,51000,51000,51000,51000,51000,51000,51000,51000,51000,51000,51000,51000,51000,51000,51000,51000,51000,51200,51200,51200,51200,51200,51200,51200,51200,51200,51200,51200,51200,51200,51200,51200,51200,51200,51200,51200,51200,51200,51200,51200
Belarus,BLR,Land area (sq. km),AG.LND.TOTL.K2,,202840,202840,202840,202840,202840,202840,202840,202840,202840,202840,202840,202840,202840,202840,202840,202840,202840,202840,202840,202840,202840,202840,202840,202840,202840,202840,202840,202840,202840,202840,202840,202840,202840,202840,202840,202840,202840,202840,202840,202840,202840,202830,202830,202810,202830,202900,202900,202900,202820,202900,202910,202910,202910,202910
Belize,BLZ,Land area (sq. km),AG.LND.TOTL.K2,,22810,22810,22810,22810,22810,22810,22810,22810,22810,22810,22810,22810,22810,22810,22810,22810,22810,22810,22810,22810,22810,22810,22810,22810,22810,22810,22810,22810,22810,22810,22810,22810,22810,22810,22810,22810,22810,22810,22810,22810,22810,22810,22810,22810,22810,22810,22810,22810,22810,22810,22810,22810,22810,22810
Bermuda,BMU,Land area (sq. km),AG.LND.TOTL.K2,,50,50,50,50,50,50,50,50,50,50,50,50,50,50,50,50,50,50,50,50,50,50,50,50,50,50,50,50,50,50,50,50,50,50,50,50,50,50,50,50,50,50,50,50,50,50,50,50,50,50,50,50,50,50
Bolivia,BOL,Land area (sq. km),AG.LND.TOTL.K2,,1083300,1083300,1083300,1083300,1083300,1083300,1083300,1083300,1083300,1083300,1083300,1083300,1083300,1083300,1083300,1083300,1083300,1083300,1083300,1083300,1083300,1083300,1083300,1083300,1083300,1083300,1083300,1083300,1083300,1083300,1083300,1083300,1083300,1083300,1083300,1083300,1083300,1083300,1083300,1083300,1083300,1083300,1083300,1083300,1083300,1083300,1083300,1083300,1083300,1083300,1083300,1083300,1083300,1083300
Brazil,BRA,Land area (sq. km),AG.LND.TOTL.K2,,8358140,8358140,8358140,8358140,8358140,8358140,8358140,8358140,8358140,8358140,8358140,8358140,8358140,8358140,8358140,8358140,8358140,8358140,8358140,8358140,8358140,8358140,8358140,8358140,8358140,8358140,8358140,8358140,8358140,8358140,8358140,8358140,8358140,8358140,8358140,8358140,8358140,8358140,8358140,8358140,8358140,8358140,8358140,8358140,8358140,8358140,8358140,8358140,8358140,8358140,8358140,8358140,8358140,8358140
Barbados,BRB,Land area (sq. km),AG.LND.TOTL.K2,,430,430,430,430,430,430,430,430,430,430,430,430,430,430,430,430,430,430,430,430,430,430,430,430,430,430,430,430,430,430,430,430,430,430,430,430,430,430,430,430,430,430,430,430,430,430,430,430,430,430,430,430,430,430
Brunei Darussalam,BRN,Land area (sq. km),AG.LND.TOTL.K2,,5270,5270,5270,5270,5270,5270,5270,5270,5270,5270,5270,5270,5270,5270,5270,5270,5270,5270,5270,5270,5270,5270,5270,5270,5270,5270,5270,5270,5270,5270,5270,5270,5270,5270,5270,5270,5270,5270,5270,5270,5270,5270,5270,5270,5270,5270,5270,5270,5270,5270,5270,5270,5270,5270
Bhutan,BTN,Land area (sq. km),AG.LND.TOTL.K2,,46723,46723,46723,46723,46723,46723,46723,46723,46723,46723,46723,46723,46723,46723,46723,46723,46723,46723,46723,46723,46723,46723,46723,46723,46723,46723,46723,46723,46723,46723,46723,46723,46723,39800,39800,39800,39800,39800,39800,39800,39800,39800,39800,38117,38117,38117,38117,38117,38117,38117,38117,38117,38117,38117
Botswana,BWA,Land area (sq. km),AG.LND.TOTL.K2,,566730,566730,566730,566730,566730,566730,566730,566730,566730,566730,566730,566730,566730,566730,566730,566730,566730,566730,566730,566730,566730,566730,566730,566730,566730,566730,566730,566730,566730,566730,566730,566730,566730,566730,566730,566730,566730,566730,566730,566730,566730,566730,566730,566730,566730,566730,566730,566730,566730,566730,566730,566730,566730,566730
Central African Republic,CAF,Land area (sq. km),AG.LND.TOTL.K2,,622980,622980,622980,622980,622980,622980,622980,622980,622980,622980,622980,622980,622980,622980,622980,622980,622980,622980,622980,622980,622980,622980,622980,622980,622980,622980,622980,622980,622980,622980,622980,622980,622980,622980,622980,622980,622980,622980,622980,622980,622980,622980,622980,622980,622980,622980,622980,622980,622980,622980,622980,622980,622980,622980
Canada,CAN,Land area (sq. km),AG.LND.TOTL.K2,,9093510,9093510,9093510,9093510,9093510,9093510,9093510,9093510,9093510,9093510,9093510,9093510,9093510,9093510,9093510,9093510,9093510,9093510,9093510,9093510,9093510,9093510,9093510,9093510,9093510,9093510,9093510,9093510,9093510,9093510,9093510,9093510,9093510,9093510,9093510,9093510,9093510,9093510,9093510,9093510,9093510,9093510,9093510,9093510,9093510,9093510,9093510,9093510,9093510,9093510,9093510,9093510,9093510,9093510
Switzerland,CHE,Land area (sq. km),AG.LND.TOTL.K2,,39528,39528,39528,39528,39528,39528,39528,39528,39528,39528,39528,39528,39528,39528,39528,39528,39528,39528,39528,39528,39528,39528,39528,39529,39529,39529,39529,39529,39529,39529,39529,39529,39529,39529,39529,39528,39527,39526,39525,39524,39523,39522,39521,39520,39518,39517,39516,39516,39516,39516,39516,39516,39516,39516
Channel Islands,CHI,Land area (sq. km),AG.LND.TOTL.K2,,194,194,194,194,194,194,194,194,194,194,194,194,194,194,194,194,194,194,194,194,194,194,194,194,194,194,194,194,194,194,194,194,194,194,194,194,194,194,194,194,194,194,194,194,194,194,194,194,194,190,190,190,190,190
Chile,CHL,Land area (sq. km),AG.LND.TOTL.K2,,743532,743532,743532,743532,743532,743532,743532,743532,743532,743532,743532,743532,743532,743532,743532,743532,743532,743532,743532,743532,743532,743532,743532,743532,743532,743532,743532,743532,743532,743532,743532,743532,743532,743532,743532,743532,743532,743532,743532,743532,743532,743532,743532,743532,743532,743532,743532,743532,743532,743532,743532,743532,743532,743532
China,CHN,Land area (sq. km),AG.LND.TOTL.K2,,9388250,9388250,9388250,9388250,9388250,9388250,9388250,9388250,9388250,9388250,9388250,9388250,9388250,9388250,9388250,9388250,9388250,9388250,9388250,9388250,9388250,9388250,9388250,9388250,9388250,9388250,9388250,9388250,9388250,9388250,9388250,9388250,9388250,9388250,9388240,9388230,9388230,9388230,9388230,9388220,9388214.2,9388213.2,9388212.7,9388212.5,9388211.8,9388211.4,9388210.8,9388210.8,9388211,9388211,9388211,9388211,9388211,9388211
Cote d'Ivoire,CIV,Land area (sq. km),AG.LND.TOTL.K2,,318000,318000,318000,318000,318000,318000,318000,318000,318000,318000,318000,318000,318000,318000,318000,318000,318000,318000,318000,318000,318000,318000,318000,318000,318000,318000,318000,318000,318000,318000,318000,318000,318000,318000,318000,318000,318000,318000,318000,318000,318000,318000,318000,318000,318000,318000,318000,318000,318000,318000,318000,318000,318000,318000
Cameroon,CMR,Land area (sq. km),AG.LND.TOTL.K2,,472710,472710,472710,472710,472710,472710,472710,472710,472710,472710,472710,472710,472710,472710,472710,472710,472710,472710,472710,472710,472710,472710,472710,472710,472710,472710,472710,472710,472710,472710,472710,472710,472710,472710,472710,472710,472710,472710,472710,472710,472710,472710,472710,472710,472710,472710,472710,472710,472710,472710,472710,472710,472710,472710
"Congo, Dem. Rep.",COD,Land area (sq. km),AG.LND.TOTL.K2,,2267050,2267050,2267050,2267050,2267050,2267050,2267050,2267050,2267050,2267050,2267050,2267050,2267050,2267050,2267050,2267050,2267050,2267050,2267050,2267050,2267050,2267050,2267050,2267050,2267050,2267050,2267050,2267050,2267050,2267050,2267050,2267050,2267050,2267050,2267050,2267050,2267050,2267050,2267050,2267050,2267050,2267050,2267050,2267050,2267050,2267050,2267050,2267050,2267050,2267050,2267050,2267050,2267050,2267050
"Congo, Rep.",COG,Land area (sq. km),AG.LND.TOTL.K2,,341500,341500,341500,341500,341500,341500,341500,341500,341500,341500,341500,341500,341500,341500,341500,341500,341500,341500,341500,341500,341500,341500,341500,341500,341500,341500,341500,341500,341500,341500,341500,341500,341500,341500,341500,341500,341500,341500,341500,341500,341500,341500,341500,341500,341500,341500,341500,341500,341500,341500,341500,341500,341500,341500
Colombia,COL,Land area (sq. km),AG.LND.TOTL.K2,,1109500,1109500,1109500,1109500,1109500,1109500,1109500,1109500,1109500,1109500,1109500,1109500,1109500,1109500,1109500,1109500,1109500,1109500,1109500,1109500,1109500,1109500,1109500,1109500,1109500,1109500,1109500,1109500,1109500,1109500,1109500,1109500,1109500,1109500,1109500,1109500,1109500,1109500,1109500,1109500,1109500,1109500,1109500,1109500,1109500,1109500,1109500,1109500,1109500,1109500,1109500,1109500,1109500,1109500
Comoros,COM,Land area (sq. km),AG.LND.TOTL.K2,,1861,1861,1861,1861,1861,1861,1861,1861,1861,1861,1861,1861,1861,1861,1861,1861,1861,1861,1861,1861,1861,1861,1861,1861,1861,1861,1861,1861,1861,1861,1861,1861,1861,1861,1861,1861,1861,1861,1861,1861,1861,1861,1861,1861,1861,1861,1861,1861,1861,1861,1861,1861,1861,1861
Cabo Verde,CPV,Land area (sq. km),AG.LND.TOTL.K2,,4030,4030,4030,4030,4030,4030,4030,4030,4030,4030,4030,4030,4030,4030,4030,4030,4030,4030,4030,4030,4030,4030,4030,4030,4030,4030,4030,4030,4030,4030,4030,4030,4030,4030,4030,4030,4030,4030,4030,4030,4030,4030,4030,4030,4030,4030,4030,4030,4030,4030,4030,4030,4030,4030
Costa Rica,CRI,Land area (sq. km),AG.LND.TOTL.K2,,51060,51060,51060,51060,51060,51060,51060,51060,51060,51060,51060,51060,51060,51060,51060,51060,51060,51060,51060,51060,51060,51060,51060,51060,51060,51060,51060,51060,51060,51060,51060,51060,51060,51060,51060,51060,51060,51060,51060,51060,51060,51060,51060,51060,51060,51060,51060,51060,51060,51060,51060,51060,51060,51060
Caribbean small states,CSS,Land area (sq. km),AG.LND.TOTL.K2,,404800,404800,404800,404800,404800,404800,404800,404800,404800,404800,404800,404800,404800,404800,404940,404940,404940,404940,404940,404850,404850,404850,404850,404850,404850,404850,404850,404850,404850,404850,404850,404850,404850,404850,404850,404850,404850,404850,404850,404850,404850,404850,404850,404850,404850,404850,404850,404850,404850,404850,404850,404850,404850,404850
Cuba,CUB,Land area (sq. km),AG.LND.TOTL.K2,,107400,107400,107400,107400,107400,107400,107400,107400,107400,107400,107400,107400,107400,107400,107400,107400,107400,107400,107400,107400,107400,107400,107400,107400,107400,107400,107400,107400,107400,107400,107400,107400,107400,107400,107400,107400,107400,107400,107400,107400,107400,106390,106400,106410,106440,106430,106440,106440,106440,106440,106440,106449,106449,106449
Curacao,CUW,Land area (sq. km),AG.LND.TOTL.K2,,444,444,444,444,444,444,444,444,444,444,444,444,444,444,444,444,444,444,444,444,444,444,444,444,444,444,444,444,444,444,444,444,444,444,444,444,444,444,444,444,444,444,444,444,444,444,444,444,444,444,444,444,444,444
Cayman Islands,CYM,Land area (sq. km),AG.LND.TOTL.K2,,240,240,240,240,240,240,240,240,240,240,240,240,240,240,240,240,240,240,240,240,240,240,240,240,240,240,240,240,240,240,240,240,240,240,240,240,240,240,240,240,240,240,240,240,240,240,240,240,240,240,240,240,240,240
Cyprus,CYP,Land area (sq. km),AG.LND.TOTL.K2,,9240,9240,9240,9240,9240,9240,9240,9240,9240,9240,9240,9240,9240,9240,9240,9240,9240,9240,9240,9240,9240,9240,9240,9240,9240,9240,9240,9240,9240,9240,9240,9240,9240,9240,9240,9240,9240,9240,9240,9240,9240,9240,9240,9240,9240,9240,9240,9240,9240,9240,9240,9240,9240,9240
Czech Republic,CZE,Land area (sq. km),AG.LND.TOTL.K2,,77270,77270,77270,77270,77270,77270,77270,77270,77270,77270,77270,77270,77270,77270,77270,77270,77270,77270,77270,77270,77270,77270,77270,77270,77270,77270,77270,77270,77270,77270,77270,77270,77270,77270,77270,77270,77270,77270,77270,77270,77270,77270,77270,77260,77260,77250,77250,77250,77250,77240,77240,77230,77230,77230
Germany,DEU,Land area (sq. km),AG.LND.TOTL.K2,,349130,349130,349130,349130,349130,349130,349130,349130,349130,349130,349130,349130,349130,349130,349130,349130,349130,349130,349130,349130,349130,349130,349130,349130,349130,349130,349130,349130,349130,349130,349130,349130,349120,349110,349100,349090,349050,349020,348980,348950,348900,348860,348810,348770,348760,348720,348670,348630,348610,348570,348560,348540,348540,348540
Djibouti,DJI,Land area (sq. km),AG.LND.TOTL.K2,,23180,23180,23180,23180,23180,23180,23180,23180,23180,23180,23180,23180,23180,23180,23180,23180,23180,23180,23180,23180,23180,23180,23180,23180,23180,23180,23180,23180,23180,23180,23180,23180,23180,23180,23180,23180,23180,23180,23180,23180,23180,23180,23180,23180,23180,23180,23180,23180,23180,23180,23180,23180,23180,23180
Dominica,DMA,Land area (sq. km),AG.LND.TOTL.K2,,750,750,750,750,750,750,750,750,750,750,750,750,750,750,750,750,750,750,750,750,750,750,750,750,750,750,750,750,750,750,750,750,750,750,750,750,750,750,750,750,750,750,750,750,750,750,750,750,750,750,750,750,750,750
Denmark,DNK,Land area (sq. km),AG.LND.TOTL.K2,,42370,42370,42370,42370,42370,42370,42370,42370,42370,42370,42370,42370,42370,42370,42370,42370,42370,42370,42380,42380,42380,42380,42380,42380,42380,42380,42390,42390,42390,42390,42390,42430,42430,42430,42430,42430,42430,42430,42430,42430,42430,42430,42430,42430,42430,42430,42430,42430,42430,42430,42430,42430,42430,42430
Dominican Republic,DOM,Land area (sq. km),AG.LND.TOTL.K2,,48320,48320,48320,48320,48320,48320,48320,48320,48320,48320,48320,48320,48320,48320,48320,48320,48320,48320,48320,48320,48320,48320,48320,48320,48320,48320,48320,48320,48320,48320,48320,48320,48320,48320,48320,48320,48320,48320,48320,48320,48320,48320,48320,48320,48320,48320,48320,48320,48320,48320,48320,48320,48320,48320
Algeria,DZA,Land area (sq. km),AG.LND.TOTL.K2,,2381740,2381740,2381740,2381740,2381740,2381740,2381740,2381740,2381740,2381740,2381740,2381740,2381740,2381740,2381740,2381740,2381740,2381740,2381740,2381740,2381740,2381740,2381740,2381740,2381740,2381740,2381740,2381740,2381740,2381740,2381740,2381740,2381740,2381740,2381740,2381740,2381740,2381740,2381740,2381740,2381740,2381740,2381740,2381740,2381740,2381740,2381740,2381740,2381740,2381740,2381740,2381740,2381740,2381740
Ecuador,ECU,Land area (sq. km),AG.LND.TOTL.K2,,276840,276840,276840,276840,276840,276840,276840,276840,276840,276840,276840,276840,276840,276840,276840,276840,276840,276840,276840,276840,276840,276840,276840,276840,276840,276840,276840,276840,276840,276840,276840,276840,276840,276840,276840,276840,276840,248360,248360,248360,248360,248360,248360,248360,248360,248360,248360,248360,248360,248360,248360,248360,248360,248360
"Egypt, Arab Rep.",EGY,Land area (sq. km),AG.LND.TOTL.K2,,995450,995450,995450,995450,995450,995450,995450,995450,995450,995450,995450,995450,995450,995450,995450,995450,995450,995450,995450,995450,995450,995450,995450,995450,995450,995450,995450,995450,995450,995450,995450,995450,995450,995450,995450,995450,995450,995450,995450,995450,995450,995450,995450,995450,995450,995450,995450,995450,995450,995450,995450,995450,995450,995450
Eritrea,ERI,Land area (sq. km),AG.LND.TOTL.K2,,101000,101000,101000,101000,101000,101000,101000,101000,101000,101000,101000,101000,101000,101000,101000,101000,101000,101000,101000,101000,101000,101000,101000,101000,101000,101000,101000,101000,101000,101000,101000,101000,101000,101000,101000,101000,101000,101000,101000,101000,101000,101000,101000,101000,101000,101000,101000,101000,101000,101000,101000,101000,101000,101000
Spain,ESP,Land area (sq. km),AG.LND.TOTL.K2,,499780,499780,499780,499780,499780,499780,499780,499780,499780,499780,499780,499780,499780,499750,499630,499570,499540,499530,499540,499470,499460,499460,499430,499440,499440,499440,499440,499440,499440,499440,499440,499440,499440,499440,499440,499440,499440,499440,499440,499000,498520,499040,499210,499180,499090,498980,499110,498800,498660,500010,499880,500210,500210,500210
Estonia,EST,Land area (sq. km),AG.LND.TOTL.K2,,42390,42390,42390,42390,42390,42390,42390,42390,42390,42390,42390,42390,42390,42390,42390,42390,42390,42390,42390,42390,42390,42390,42390,42390,42390,42390,42390,42390,42390,42390,42390,42390,42390,42390,42390,42390,42390,42390,42390,42390,42390,42390,42390,42390,42390,42390,42390,42390,42390,42390,42390,42390,42390,42390
Ethiopia,ETH,Land area (sq. km),AG.LND.TOTL.K2,,1101000,1101000,1101000,1101000,1101000,1101000,1101000,1101000,1101000,1101000,1101000,1101000,1101000,1101000,1101000,1101000,1101000,1101000,1101000,1101000,1101000,1101000,1101000,1101000,1101000,1101000,1101000,1101000,1101000,1101000,1101000,1101000,1000000,1000000,1000000,1000000,1000000,1000000,1000000,1000000,1000000,1000000,1000000,1000000,1000000,1000000,1000000,1000000,1000000,1000000,1000000,1000000,1000000,1000000
Finland,FIN,Land area (sq. km),AG.LND.TOTL.K2,,304590,304590,304590,304590,304590,304590,304590,304590,304590,304590,304590,304590,304590,304590,304590,304590,304590,304590,304590,304590,304590,304590,304590,304590,304590,304590,304590,304590,304590,304590,304590,304590,304590,304590,304590,304590,304590,304590,304590,304590,304590,304590,304590,304590,304590,304110,304090,303900,303900,303900,303890,303890,303890,303890
Fiji,FJI,Land area (sq. km),AG.LND.TOTL.K2,,18270,18270,18270,18270,18270,18270,18270,18270,18270,18270,18270,18270,18270,18270,18270,18270,18270,18270,18270,18270,18270,18270,18270,18270,18270,18270,18270,18270,18270,18270,18270,18270,18270,18270,18270,18270,18270,18270,18270,18270,18270,18270,18270,18270,18270,18270,18270,18270,18270,18270,18270,18270,18270,18270
France,FRA,Land area (sq. km),AG.LND.TOTL.K2,,547566,547566,547566,547566,547566,547566,547566,547566,547566,547566,547566,547566,547566,547566,547566,547566,547566,547566,547566,547566,547566,547566,547566,547566,547566,547566,547566,547566,547566,547566,547566,547566,547566,547566,547566,547566,547566,547566,547566,547566,547566,547566,547566,547566,547556,547556,547556,547557,547557,547557,547557,547561,547557,547557
Faeroe Islands,FRO,Land area (sq. km),AG.LND.TOTL.K2,,1396,1396,1396,1396,1396,1396,1396,1396,1396,1396,1396,1396,1396,1396,1396,1396,1396,1396,1396,1396,1396,1396,1396,1396,1396,1396,1396,1396,1396,1396,1396,1396,1396,1396,1396,1396,1396,1396,1396,1396,1396,1396,1396,1396,1396,1396,1396,1396,1396,1396,1396,1396,1396,1396
"Micronesia, Fed. Sts.",FSM,Land area (sq. km),AG.LND.TOTL.K2,,,,,,,,,,,,,,,,,,,,,,,,,,,,,,,,700,700,700,700,700,700,700,700,700,700,700,700,700,700,700,700,700,700,700,700,700,700,700,700
Gabon,GAB,Land area (sq. km),AG.LND.TOTL.K2,,257670,257670,257670,257670,257670,257670,257670,257670,257670,257670,257670,257670,257670,257670,257670,257670,257670,257670,257670,257670,257670,257670,257670,257670,257670,257670,257670,257670,257670,257670,257670,257670,257670,257670,257670,257670,257670,257670,257670,257670,257670,257670,257670,257670,257670,257670,257670,257670,257670,257670,257670,257670,257670,257670
United Kingdom,GBR,Land area (sq. km),AG.LND.TOTL.K2,,241930,241930,241930,241930,241930,241930,241930,241930,241930,241930,241930,241930,241930,241930,241930,241930,241930,241930,241930,241930,241930,241930,241930,241930,241930,241930,241930,241930,241930,241930,241930,241930,241930,241930,241930,241930,241930,241930,241930,241930,241930,241930,241930,241930,241930,241930,241930,241930,241930,241930,241930,241930,241930,241930
Georgia,GEO,Land area (sq. km),AG.LND.TOTL.K2,,69490,69490,69490,69490,69490,69490,69490,69490,69490,69490,69490,69490,69490,69490,69490,69490,69490,69490,69490,69490,69490,69490,69490,69490,69490,69490,69490,69490,69490,69490,69490,69490,69490,69490,69490,69490,69490,69490,69490,69490,69490,69490,69490,69490,69490,69490,69490,69490,69490,69490,69490,69490,69490,69490
Ghana,GHA,Land area (sq. km),AG.LND.TOTL.K2,,227540,227540,227540,227540,227540,227540,227540,227540,227540,227540,227540,227540,227540,227540,227540,227540,227540,227540,227540,227540,227540,227540,227540,227540,227540,227540,227540,227540,227540,227540,227540,227540,227540,227540,227540,227540,227540,227540,227540,227540,227540,227540,227540,227540,227540,227540,227540,227540,227540,227540,227540,227540,227540,227540
Guinea,GIN,Land area (sq. km),AG.LND.TOTL.K2,,245720,245720,245720,245720,245720,245720,245720,245720,245720,245720,245720,245720,245720,245720,245720,245720,245720,245720,245720,245720,245720,245720,245720,245720,245720,245720,245720,245720,245720,245720,245720,245720,245720,245720,245720,245720,245720,245720,245720,245720,245720,245720,245720,245720,245720,245720,245720,245720,245720,245720,245720,245720,245720,245720
"Gambia, The",GMB,Land area (sq. km),AG.LND.TOTL.K2,,10120,10120,10120,10120,10120,10120,10120,10120,10120,10120,10120,10120,10120,10120,10120,10120,10120,10120,10120,10120,10120,10120,10120,10120,10120,10120,10120,10120,10120,10120,10120,10120,10120,10120,10120,10120,10120,10120,10120,10120,10120,10120,10120,10120,10120,10120,10120,10120,10120,10120,10120,10120,10120,10120
Guinea-Bissau,GNB,Land area (sq. km),AG.LND.TOTL.K2,,28120,28120,28120,28120,28120,28120,28120,28120,28120,28120,28120,28120,28120,28120,28120,28120,28120,28120,28120,28120,28120,28120,28120,28120,28120,28120,28120,28120,28120,28120,28120,28120,28120,28120,28120,28120,28120,28120,28120,28120,28120,28120,28120,28120,28120,28120,28120,28120,28120,28120,28120,28120,28120,28120
Equatorial Guinea,GNQ,Land area (sq. km),AG.LND.TOTL.K2,,28050,28050,28050,28050,28050,28050,28050,28050,28050,28050,28050,28050,28050,28050,28050,28050,28050,28050,28050,28050,28050,28050,28050,28050,28050,28050,28050,28050,28050,28050,28050,28050,28050,28050,28050,28050,28050,28050,28050,28050,28050,28050,28050,28050,28050,28050,28050,28050,28050,28050,28050,28050,28050,28050
Greece,GRC,Land area (sq. km),AG.LND.TOTL.K2,,128900,128900,128900,128900,128900,128900,128900,128900,128900,128900,128900,128900,128900,128900,128900,128900,128900,128900,128900,128900,128900,128900,128900,128900,128900,128900,128900,128900,128900,128900,128900,128900,128900,128900,128900,128900,128900,128900,128900,128900,128900,128900,128900,128900,128900,128900,128900,128900,128900,128900,128900,128900,128900,128900
Grenada,GRD,Land area (sq. km),AG.LND.TOTL.K2,,340,340,340,340,340,340,340,340,340,340,340,340,340,340,340,340,340,340,340,340,340,340,340,340,340,340,340,340,340,340,340,340,340,340,340,340,340,340,340,340,340,340,340,340,340,340,340,340,340,340,340,340,340,340
Greenland,GRL,Land area (sq. km),AG.LND.TOTL.K2,,341700,341700,341700,341700,341700,341700,341700,341700,341700,341700,341700,341700,341700,341700,341700,341700,341700,341700,341700,341700,341700,341700,341700,341700,341700,341700,341700,341700,341700,341700,341700,341700,341700,341700,341700,341700,410450,410450,410450,410450,410450,410450,410450,410450,410450,410450,410450,410450,410450,410450,410450,410450,410450,410450
Guatemala,GTM,Land area (sq. km),AG.LND.TOTL.K2,,107160,107160,107160,107160,107160,107160,107160,107160,107160,107160,107160,107160,107160,107160,107160,107160,107160,107160,107160,107160,107160,107160,107160,107160,107160,107160,107160,107160,107160,107160,107160,107160,107160,107160,107160,107160,107160,107160,107160,107160,107160,107160,107160,107160,107160,107160,107160,107160,107160,107160,107160,107160,107160,107160
Guam,GUM,Land area (sq. km),AG.LND.TOTL.K2,,540,540,540,540,540,540,540,540,540,540,540,540,540,540,540,540,540,540,540,540,540,540,540,540,540,540,540,540,540,540,540,540,540,540,540,540,540,540,540,540,540,540,540,540,540,540,540,540,540,540,540,540,540,540
Guyana,GUY,Land area (sq. km),AG.LND.TOTL.K2,,196710,196710,196710,196710,196710,196710,196710,196710,196710,196710,196710,196710,196710,196710,196850,196850,196850,196850,196850,196850,196850,196850,196850,196850,196850,196850,196850,196850,196850,196850,196850,196850,196850,196850,196850,196850,196850,196850,196850,196850,196850,196850,196850,196850,196850,196850,196850,196850,196850,196850,196850,196850,196850,196850
"Hong Kong SAR, China",HKG,Land area (sq. km),AG.LND.TOTL.K2,,1020,1020,1020,1020,1020,1020,1020,1020,1020,1020,1020,1020,1020,1020,1010,1010,1000,1000,1000,1000,1000,990,990,990,990,990,990,990,990,990,990,990,990,990,1050,1050,1050,1050,1050,1050,1050,1050,1050,1050,1050,1050,1050,1050,1050,1050,1050,1050,1050,1050
Honduras,HND,Land area (sq. km),AG.LND.TOTL.K2,,111890,111890,111890,111890,111890,111890,111890,111890,111890,111890,111890,111890,111890,111890,111890,111890,111890,111890,111890,111890,111890,111890,111890,111890,111890,111890,111890,111890,111890,111890,111890,111890,111890,111890,111890,111890,111890,111890,111890,111890,111890,111890,111890,111890,111890,111890,111890,111890,111890,111890,111890,111890,111890,111890
Croatia,HRV,Land area (sq. km),AG.LND.TOTL.K2,,55910,55910,55910,55910,55910,55910,55910,55910,55910,55910,55910,55910,55910,55910,55910,55910,55910,55910,55910,55910,55910,55910,55910,55910,55910,55910,55910,55910,55910,55910,55910,55910,55910,55910,55910,55980,55980,55910,55910,55910,55910,55910,55910,55960,55960,55960,55960,55960,55960,55960,55960,55960,55960,55960
Haiti,HTI,Land area (sq. km),AG.LND.TOTL.K2,,27560,27560,27560,27560,27560,27560,27560,27560,27560,27560,27560,27560,27560,27560,27560,27560,27560,27560,27560,27560,27560,27560,27560,27560,27560,27560,27560,27560,27560,27560,27560,27560,27560,27560,27560,27560,27560,27560,27560,27560,27560,27560,27560,27560,27560,27560,27560,27560,27560,27560,27560,27560,27560,27560
Hungary,HUN,Land area (sq. km),AG.LND.TOTL.K2,,90040,90020,90030,90030,90020,90010,90000,89990,89990,89980,89970,89970,89970,89970,89970,89950,89960,89970,89920,89910,89900,89890,89880,89880,89880,89880,89880,89870,89870,89870,89870,89870,89860,89860,89860,89860,89800,89800,89800,89620,89620,89620,89620,89620,89610,89610,89610,89610,90530,90530,90530,90530,90530,90530
Indonesia,IDN,Land area (sq. km),AG.LND.TOTL.K2,,1811570,1811570,1811570,1811570,1811570,1811570,1811570,1811570,1811570,1811570,1811570,1811570,1811570,1811570,1811570,1811570,1811570,1811570,1811570,1811570,1811570,1811570,1811570,1811570,1811570,1811570,1811570,1811570,1811570,1811570,1811570,1811570,1811570,1811570,1811570,1811570,1811570,1811570,1811570,1811570,1811570,1811570,1811570,1811570,1811570,1811570,1811570,1811570,1811570,1811570,1811570,1811570,1811570,1811570
Isle of Man,IMN,Land area (sq. km),AG.LND.TOTL.K2,,570,570,570,570,570,570,570,570,570,570,570,570,570,570,570,570,570,570,570,570,570,570,570,570,570,570,570,570,570,570,570,570,570,570,570,570,570,570,570,570,570,570,570,570,570,570,570,570,570,570,570,570,570,570
India,IND,Land area (sq. km),AG.LND.TOTL.K2,,2973190,2973190,2973190,2973190,2973190,2973190,2973190,2973190,2973190,2973190,2973190,2973190,2973190,2973190,2973190,2973190,2973190,2973190,2973190,2973190,2973190,2973190,2973190,2973190,2973190,2973190,2973190,2973190,2973190,2973190,2973190,2973190,2973190,2973190,2973190,2973190,2973190,2973190,2973190,2973190,2973190,2973190,2973190,2973190,2973190,2973190,2973190,2973190,2973190,2973190,2973190,2973190,2973190,2973190
Ireland,IRL,Land area (sq. km),AG.LND.TOTL.K2,,68890,68890,68890,68890,68890,68890,68890,68890,68890,68890,68890,68890,68890,68890,68890,68890,68890,68890,68890,68890,68890,68890,68890,68890,68890,68890,68890,68890,68890,68890,68890,68890,68890,68890,68890,68890,68890,68890,68890,68890,68890,68890,68890,68890,68890,68890,68890,68890,68890,68890,68890,68890,68890,68890
"Iran, Islamic Rep.",IRN,Land area (sq. km),AG.LND.TOTL.K2,,1628550,1628550,1628550,1628550,1628550,1628550,1628550,1628550,1628550,1628550,1628550,1628550,1628550,1628550,1628550,1628550,1628550,1628550,1628550,1628550,1628550,1628550,1628550,1628550,1628550,1628550,1628550,1628550,1628550,1628550,1628550,1628550,1628550,1628550,1628550,1628550,1628550,1628550,1628550,1628550,1628550,1628550,1628550,1628550,1628550,1628550,1628550,1628550,1628550,1628550,1628550,1628550,1628550,1628550
Iraq,IRQ,Land area (sq. km),AG.LND.TOTL.K2,,437370,437370,437370,437370,437370,437370,437370,437370,437370,437370,437370,437370,437370,437370,437370,437370,437370,437370,437370,437370,437370,437370,437370,437370,437370,437370,437370,437370,437370,437370,437370,437370,437370,437370,437370,437370,437370,437370,437370,437370,437370,437370,437370,437370,437370,437370,437370,437370,434320,434320,434320,434320,434320,434320
Iceland,ISL,Land area (sq. km),AG.LND.TOTL.K2,,100250,100250,100250,100250,100250,100250,100250,100250,100250,100250,100250,100250,100250,100250,100250,100250,100250,100250,100250,100250,100250,100250,100250,100250,100250,100250,100250,100250,100250,100250,100250,100250,100250,100250,100250,100250,100250,100250,100250,100250,100250,100250,100250,100250,100250,100250,100250,100250,100250,100250,100250,100250,100250,100250
Israel,ISR,Land area (sq. km),AG.LND.TOTL.K2,,21640,21640,21640,21640,21640,21640,21640,21640,21640,21640,21640,21640,21640,21640,21640,21640,21640,21640,21640,21640,21640,21640,21640,21640,21640,21640,21640,21640,21640,21640,21640,21640,21640,21640,21640,21640,21640,21640,21640,21640,21640,21640,21640,21640,21640,21640,21640,21640,21640,21640,21640,21640,21640,21640
Italy,ITA,Land area (sq. km),AG.LND.TOTL.K2,,294110,294110,294110,294110,294110,294110,294110,294110,294110,294110,294110,294110,294110,294110,294110,294110,294110,294110,294110,294110,294110,294110,294110,294110,294110,294110,294110,294110,294110,294110,294110,294110,294110,294110,294110,294110,294110,294110,294110,294110,294110,294110,294140,294140,294140,294140,294140,294140,294140,294140,294140,294140,294140,294140
Jamaica,JAM,Land area (sq. km),AG.LND.TOTL.K2,,10830,10830,10830,10830,10830,10830,10830,10830,10830,10830,10830,10830,10830,10830,10830,10830,10830,10830,10830,10830,10830,10830,10830,10830,10830,10830,10830,10830,10830,10830,10830,10830,10830,10830,10830,10830,10830,10830,10830,10830,10830,10830,10830,10830,10830,10830,10830,10830,10830,10830,10830,10830,10830,10830
Jordan,JOR,Land area (sq. km),AG.LND.TOTL.K2,,88240,88240,88240,88240,88240,88240,88240,88240,88240,88240,88240,88240,88240,88240,88240,88240,88240,88240,88240,88240,88240,88240,88240,88240,88240,88240,88240,88240,88240,88240,88240,88240,88240,88240,88240,88240,88240,88240,88240,88240,88240,88240,88240,88240,88240,88240,88240,88240,88780,88780,88780,88780,88780,88780
Japan,JPN,Land area (sq. km),AG.LND.TOTL.K2,,366700,366700,366700,366700,366700,366700,366700,366700,366700,366700,366700,366600,366600,366600,366500,366500,366400,366400,366400,366300,366400,366200,366200,364700,364600,364700,364600,364600,364600,364600,364600,364600,364600,364600,364600,364500,364500,364500,364500,364500,364500,364500,364500,364500,364500,364500,364500,364500,364500,364550,364555,364560,364560,364560
Kazakhstan,KAZ,Land area (sq. km),AG.LND.TOTL.K2,,2699700,2699700,2699700,2699700,2699700,2699700,2699700,2699700,2699700,2699700,2699700,2699700,2699700,2699700,2699700,2699700,2699700,2699700,2699700,2699700,2699700,2699700,2699700,2699700,2699700,2699700,2699700,2699700,2699700,2699700,2699700,2699700,2699700,2699700,2699700,2699700,2699700,2699700,2699700,2699700,2699700,2699700,2699700,2699700,2699700,2699700,2699700,2699700,2699700,2699700,2699700,2699700,2699700,2699700
Kenya,KEN,Land area (sq. km),AG.LND.TOTL.K2,,569140,569140,569140,569140,569140,569140,569140,569140,569140,569140,569140,569140,569140,569140,569140,569140,569140,569140,569140,569140,569140,569140,569140,569140,569140,569140,569140,569140,569140,569140,569140,569140,569140,569140,569140,569140,569140,569140,569140,569140,569140,569140,569140,569140,569140,569140,569140,569140,569140,569140,569140,569140,569140,569140
Kyrgyz Republic,KGZ,Land area (sq. km),AG.LND.TOTL.K2,,191800,191800,191800,191800,191800,191800,191800,191800,191800,191800,191800,191800,191800,191800,191800,191800,191800,191800,191800,191800,191800,191800,191800,191800,191800,191800,191800,191800,191800,191800,191800,191800,191800,191800,191800,191800,191800,191800,191800,191800,191800,191800,191800,191800,191800,191800,191800,191800,191800,191800,191800,191800,191800,191800
Cambodia,KHM,Land area (sq. km),AG.LND.TOTL.K2,,176520,176520,176520,176520,176520,176520,176520,176520,176520,176520,176520,176520,176520,176520,176520,176520,176520,176520,176520,176520,176520,176520,176520,176520,176520,176520,176520,176520,176520,176520,176520,176520,176520,176520,176520,176520,176520,176520,176520,176520,176520,176520,176520,176520,176520,176520,176520,176520,176520,176520,176520,176520,176520,176520
Kiribati,KIR,Land area (sq. km),AG.LND.TOTL.K2,,810,810,810,810,810,810,810,810,810,810,810,810,810,810,810,810,810,810,810,810,810,810,810,810,810,810,810,810,810,810,810,810,810,810,810,810,810,810,810,810,810,810,810,810,810,810,810,810,810,810,810,810,810,810
St. Kitts and Nevis,KNA,Land area (sq. km),AG.LND.TOTL.K2,,350,350,350,350,350,350,350,350,350,350,350,350,350,350,350,350,350,350,350,260,260,260,260,260,260,260,260,260,260,260,260,260,260,260,260,260,260,260,260,260,260,260,260,260,260,260,260,260,260,260,260,260,260,260
"Korea, Rep.",KOR,Land area (sq. km),AG.LND.TOTL.K2,,96460,96460,96460,96460,96460,96460,96460,96460,96460,96460,96460,96460,96460,96460,96460,96460,96460,96460,96460,96460,96460,96460,96460,96460,96460,96460,96460,96460,96460,96460,96460,96460,96460,96460,96460,96460,96460,96460,96460,96460,96740,96790,96800,96820,96850,96880,96920,97030,97100,97230,97230,97350,97466,97466
Kosovo,KSV,Land area (sq. km),AG.LND.TOTL.K2,,10887,10887,10887,10887,10887,10887,10887,10887,10887,10887,10887,10887,10887,10887,10887,10887,10887,10887,10887,10887,10887,10887,10887,10887,10887,10887,10887,10887,10887,10887,10887,10887,10887,10887,10887,10887,10887,10887,10887,10887,10887,10887,10887,10887,10887,10887,10887,10887,10887,10887,10887,10887,10887,10887
Kuwait,KWT,Land area (sq. km),AG.LND.TOTL.K2,,17820,17820,17820,17820,17820,17820,17820,17820,17820,17820,17820,17820,17820,17820,17820,17820,17820,17820,17820,17820,17820,17820,17820,17820,17820,17820,17820,17820,17820,17820,17820,17820,17820,17820,17820,17820,17820,17820,17820,17820,17820,17820,17820,17820,17820,17820,17820,17820,17820,17820,17820,17820,17820,17820
Lao PDR,LAO,Land area (sq. km),AG.LND.TOTL.K2,,230800,230800,230800,230800,230800,230800,230800,230800,230800,230800,230800,230800,230800,230800,230800,230800,230800,230800,230800,230800,230800,230800,230800,230800,230800,230800,230800,230800,230800,230800,230800,230800,230800,230800,230800,230800,230800,230800,230800,230800,230800,230800,230800,230800,230800,230800,230800,230800,230800,230800,230800,230800,230800,230800
Lebanon,LBN,Land area (sq. km),AG.LND.TOTL.K2,,10230,10230,10230,10230,10230,10230,10230,10230,10230,10230,10230,10230,10230,10230,10230,10230,10230,10230,10230,10230,10230,10230,10230,10230,10230,10230,10230,10230,10230,10230,10230,10230,10230,10230,10230,10230,10230,10230,10230,10230,10230,10230,10230,10230,10230,10230,10230,10230,10230,10230,10230,10230,10230,10230
Liberia,LBR,Land area (sq. km),AG.LND.TOTL.K2,,96320,96320,96320,96320,96320,96320,96320,96320,96320,96320,96320,96320,96320,96320,96320,96320,96320,96320,96320,96320,96320,96320,96320,96320,96320,96320,96320,96320,96320,96320,96320,96320,96320,96320,96320,96320,96320,96320,96320,96320,96320,96320,96320,96320,96320,96320,96320,96320,96320,96320,96320,96320,96320,96320
Libya,LBY,Land area (sq. km),AG.LND.TOTL.K2,,1759540,1759540,1759540,1759540,1759540,1759540,1759540,1759540,1759540,1759540,1759540,1759540,1759540,1759540,1759540,1759540,1759540,1759540,1759540,1759540,1759540,1759540,1759540,1759540,1759540,1759540,1759540,1759540,1759540,1759540,1759540,1759540,1759540,1759540,1759540,1759540,1759540,1759540,1759540,1759540,1759540,1759540,1759540,1759540,1759540,1759540,1759540,1759540,1759540,1759540,1759540,1759540,1759540,1759540
St. Lucia,LCA,Land area (sq. km),AG.LND.TOTL.K2,,610,610,610,610,610,610,610,610,610,610,610,610,610,610,610,610,610,610,610,610,610,610,610,610,610,610,610,610,610,610,610,610,610,610,610,610,610,610,610,610,610,610,610,610,610,610,610,610,610,610,610,610,610,610
Liechtenstein,LIE,Land area (sq. km),AG.LND.TOTL.K2,,160,160,160,160,160,160,160,160,160,160,160,160,160,160,160,160,160,160,160,160,160,160,160,160,160,160,160,160,160,160,160,160,160,160,160,160,160,160,160,160,160,160,160,160,160,160,160,160,160,160,160,160,160,160
Sri Lanka,LKA,Land area (sq. km),AG.LND.TOTL.K2,,62710,62710,62710,62710,62710,62710,62710,62710,62710,62710,62710,62710,62710,62710,62710,62710,62710,62710,62710,62710,62710,62710,62710,62710,62710,62710,62710,62710,62710,62710,62710,62710,62710,62710,62710,62710,62710,62710,62710,62710,62710,62710,62710,62710,62710,62710,62710,62710,62710,62710,62710,62710,62710,62710
Lesotho,LSO,Land area (sq. km),AG.LND.TOTL.K2,,30360,30360,30360,30360,30360,30360,30360,30360,30360,30360,30360,30360,30360,30360,30360,30360,30360,30360,30360,30360,30360,30360,30360,30360,30360,30360,30360,30360,30360,30360,30360,30360,30360,30360,30360,30360,30360,30360,30360,30360,30360,30360,30360,30360,30360,30360,30360,30360,30360,30360,30360,30360,30360,30360
Lithuania,LTU,Land area (sq. km),AG.LND.TOTL.K2,,62680,62680,62680,62680,62680,62680,62680,62680,62680,62680,62680,62680,62680,62680,62680,62680,62680,62680,62680,62680,62680,62680,62680,62680,62680,62680,62680,62680,62680,62680,62680,62680,62680,62680,62680,62680,62680,62680,62680,62680,62680,62680,62680,62680,62680,62680,62680,62675,62675,62675,62674,62674,62675,62675
Luxembourg,LUX,Land area (sq. km),AG.LND.TOTL.K2,,,,,,,,,,,,,,,,,,,,,,,,,,,,,,,,,,,,,,,,,2590,2590,2590,2590,2590,2590,2590,2590,2590,2590,2590,2590,2590,2590,2590
Latvia,LVA,Land area (sq. km),AG.LND.TOTL.K2,,62196,62196,62196,62196,62196,62196,62196,62196,62196,62196,62196,62196,62196,62196,62196,62196,62196,62196,62196,62196,62196,62196,62196,62196,62196,62196,62196,62196,62196,62196,62196,62196,62196,62196,62196,62196,62196,62196,62196,62196,62196,62196,62196,62196,62196,62196,62196,62196,62180,62240,62200,62180,62190,62190
"Macao SAR, China",MAC,Land area (sq. km),AG.LND.TOTL.K2,,20,20,20,20,20,20,20,20,20,20,20,20,20,20,20,20,20,20,20,20,20,20,20,20,20,20,20,20,20,20,20,20,20,20,20,20,20,20,20,20,26,27,27,28,28,28.6,29.2,29.2,29.5,29.7,29.9,29.9,30.3,30.3
St. Martin (French part),MAF,Land area (sq. km),AG.LND.TOTL.K2,,54.4,54.4,54.4,54.4,54.4,54.4,54.4,54.4,54.4,54.4,54.4,54.4,54.4,54.4,54.4,54.4,54.4,54.4,54.4,54.4,54.4,54.4,54.4,54.4,54.4,54.4,54.4,54.4,54.4,54.4,54.4,54.4,54.4,54.4,54.4,54.4,54.4,54.4,54.4,54.4,54.4,54.4,54.4,54.4,54.4,54.4,54.4,54.4,54.4,54.4,54.4,54.4,54.4,54.4
Morocco,MAR,Land area (sq. km),AG.LND.TOTL.K2,,446340,446340,446340,446340,446340,446340,446340,446340,446340,446340,446340,446340,446300,446300,446300,446300,446300,446300,446300,446300,446300,446300,446300,446300,446300,446300,446300,446300,446300,446300,446300,446300,446300,446300,446300,446300,446300,446300,446300,446300,446300,446300,446300,446300,446300,446300,446300,446300,446300,446300,446300,446300,446300,446300
Monaco,MCO,Land area (sq. km),AG.LND.TOTL.K2,,2,2,2,2,2,2,2,2,2,2,2,2,2,2,2,2,2,2,2,2,2,2,2,2,2,2,2,2,2,2,2,2,2,2,2,2,2,2,2,2,2,2,2,2,2,2,2,2,2,2,2,2,2,2
Moldova,MDA,Land area (sq. km),AG.LND.TOTL.K2,,32870,32870,32870,32870,32870,32870,32870,32870,32870,32870,32870,32870,32870,32870,32870,32870,32870,32870,32870,32870,32870,32870,32870,32870,32870,32870,32870,32870,32870,32870,32870,32870,32950,32940,32930,32930,32920,32910,32900,32880,32880,32880,32870,32880,32890,32890,32890,32890,32890,32850,32850,32860,32880,32880
Madagascar,MDG,Land area (sq. km),AG.LND.TOTL.K2,,581540,581540,581540,581540,581540,581540,581540,581540,581540,581540,581540,581540,581540,581540,581540,581540,581540,581540,581540,581540,581540,581540,581540,581540,581540,581540,581540,581540,581540,581540,581540,581540,581540,581540,581540,581540,581540,581540,581540,581540,581540,581540,581540,581540,581540,581540,581540,581540,581540,581540,581795,581795,581800,581800
Maldives,MDV,Land area (sq. km),AG.LND.TOTL.K2,,300,300,300,300,300,300,300,300,300,300,300,300,300,300,300,300,300,300,300,300,300,300,300,300,300,300,300,300,300,300,300,300,300,300,300,300,300,300,300,300,300,300,300,300,300,300,300,300,300,300,300,300,300,300
Mexico,MEX,Land area (sq. km),AG.LND.TOTL.K2,,1943950,1943950,1943950,1943950,1943950,1943950,1943950,1943950,1943950,1943950,1943950,1943950,1943950,1943950,1943950,1943950,1943950,1943950,1943950,1943950,1943950,1943950,1943950,1943950,1943950,1943950,1943950,1943950,1943950,1943950,1943950,1943950,1943950,1943950,1943950,1943950,1943950,1943950,1943950,1943950,1943950,1943950,1943950,1943950,1943950,1943950,1943950,1943950,1943950,1943950,1943950,1943950,1943950,1943950
Marshall Islands,MHL,Land area (sq. km),AG.LND.TOTL.K2,,,,,,,,,,,,,,,,,,,,,,,,,,,,,,,,180,180,180,180,180,180,180,180,180,180,180,180,180,180,180,180,180,180,180,180,180,180,180,180
"Macedonia, FYR",MKD,Land area (sq. km),AG.LND.TOTL.K2,,25430,25430,25430,25430,25430,25430,25430,25430,25430,25430,25430,25430,25430,25430,25430,25430,25430,25430,25430,25430,25430,25430,25430,25430,25430,25430,25430,25430,25430,25430,25430,25430,25430,25430,25430,25430,25430,25430,25430,25430,25430,25430,25430,25430,25430,25430,25230,25230,25220,25220,25220,25220,25220,25220
Mali,MLI,Land area (sq. km),AG.LND.TOTL.K2,,1220190,1220190,1220190,1220190,1220190,1220190,1220190,1220190,1220190,1220190,1220190,1220190,1220190,1220190,1220190,1220190,1220190,1220190,1220190,1220190,1220190,1220190,1220190,1220190,1220190,1220190,1220190,1220190,1220190,1220190,1220190,1220190,1220190,1220190,1220190,1220190,1220190,1220190,1220190,1220190,1220190,1220190,1220190,1220190,1220190,1220190,1220190,1220190,1220190,1220190,1220190,1220190,1220190,1220190
Malta,MLT,Land area (sq. km),AG.LND.TOTL.K2,,320,320,320,320,320,320,320,320,320,320,320,320,320,320,320,320,320,320,320,320,320,320,320,320,320,320,320,320,320,320,320,320,320,320,320,320,320,320,320,320,320,320,320,320,320,320,320,320,320,320,320,320,320,320
Myanmar,MMR,Land area (sq. km),AG.LND.TOTL.K2,,653540,653540,653540,653540,653540,653540,653540,653540,653540,653540,653540,653540,653540,653540,653540,653540,653540,653540,653540,653540,653540,653540,653540,653540,653540,653540,653540,653540,653540,653540,653540,653540,653540,653540,653540,653540,653540,653540,653540,653540,653540,653540,653540,653420,653360,653470,653520,653310,653300,653260,653290,653150,653080,653080
Montenegro,MNE,Land area (sq. km),AG.LND.TOTL.K2,,13450,13450,13450,13450,13450,13450,13450,13450,13450,13450,13450,13450,13450,13450,13450,13450,13450,13450,13450,13450,13450,13450,13450,13450,13450,13450,13450,13450,13450,13450,13450,13450,13450,13450,13450,13450,13450,13450,13450,13450,13450,13450,13450,13450,13450,13450,13450,13450,13450,13450,13450,13450,13450,13450
Mongolia,MNG,Land area (sq. km),AG.LND.TOTL.K2,,1553560,1553560,1553560,1553560,1553560,1553560,1553560,1553560,1553560,1553560,1553560,1553560,1553560,1553560,1553560,1553560,1553560,1553560,1553560,1553560,1553560,1553560,1553560,1553560,1553560,1553560,1553560,1553560,1553560,1553560,1553560,1553560,1553560,1553560,1553560,1553560,1553560,1553560,1553560,1553560,1553560,1553560,1553560,1553560,1553560,1553560,1553560,1553560,1553560,1553560,1553560,1553560,1553560,1553560
Northern Mariana Islands,MNP,Land area (sq. km),AG.LND.TOTL.K2,,,,,,,,,,,,,,,,,,,,,,,,,,,,,,,,460,460,460,460,460,460,460,460,460,460,460,460,460,460,460,460,460,460,460,460,460,460,460,460
Mozambique,MOZ,Land area (sq. km),AG.LND.TOTL.K2,,786380,786380,786380,786380,786380,786380,786380,786380,786380,786380,786380,786380,786380,786380,786380,786380,786380,786380,786380,786380,786380,786380,786380,786380,786380,786380,786380,786380,786380,786380,786380,786380,786380,786380,786380,786380,786380,786380,786380,786380,786380,786380,786380,786380,786380,786380,786380,786380,786380,786380,786380,786380,786380,786380
Mauritania,MRT,Land area (sq. km),AG.LND.TOTL.K2,,1030700,1030700,1030700,1030700,1030700,1030700,1030700,1030700,1030700,1030700,1030700,1030700,1030700,1030700,1030700,1030700,1030700,1030700,1030700,1030700,1030700,1030700,1030700,1030700,1030700,1030700,1030700,1030700,1030700,1030700,1030700,1030700,1030700,1030700,1030700,1030700,1030700,1030700,1030700,1030700,1030700,1030700,1030700,1030700,1030700,1030700,1030700,1030700,1030700,1030700,1030700,1030700,1030700,1030700
Mauritius,MUS,Land area (sq. km),AG.LND.TOTL.K2,,2030,2030,2030,2030,2030,2030,2030,2030,2030,2030,2030,2030,2030,2030,2030,2030,2030,2030,2030,2030,2030,2030,2030,2030,2030,2030,2030,2030,2030,2030,2030,2030,2030,2030,2030,2030,2030,2030,2030,2030,2030,2030,2030,2030,2030,2030,2030,2030,2030,2030,2030,2030,2030,2030
Malawi,MWI,Land area (sq. km),AG.LND.TOTL.K2,,94280,94280,94280,94280,94280,94280,94280,94280,94280,94280,94280,94280,94280,94280,94280,94280,94280,94280,94280,94280,94280,94280,94280,94280,94280,94280,94280,94280,94280,94280,94280,94280,94280,94280,94280,94280,94280,94280,94280,94280,94280,94280,94280,94280,94280,94280,94280,94280,94280,94280,94280,94280,94280,94280
Malaysia,MYS,Land area (sq. km),AG.LND.TOTL.K2,,328550,328550,328550,328550,328550,328550,328550,328550,328550,328550,328550,328550,328550,328550,328550,328550,328550,328550,328550,328550,328550,328550,328550,328550,328550,328550,328550,328550,328550,328550,328550,328550,328550,328550,328550,328550,328550,328550,328550,328550,328550,328550,328550,328550,328550,328550,328550,328550,328550,328550,328550,328550,328550,328550
Namibia,NAM,Land area (sq. km),AG.LND.TOTL.K2,,823290,823290,823290,823290,823290,823290,823290,823290,823290,823290,823290,823290,823290,823290,823290,823290,823290,823290,823290,823290,823290,823290,823290,823290,823290,823290,823290,823290,823290,823290,823290,823290,823290,823290,823290,823290,823290,823290,823290,823290,823290,823290,823290,823290,823290,823290,823290,823290,823290,823290,823290,823290,823290,823290
New Caledonia,NCL,Land area (sq. km),AG.LND.TOTL.K2,,18280,18280,18280,18280,18280,18280,18280,18280,18280,18280,18280,18280,18280,18280,18280,18280,18280,18280,18280,18280,18280,18280,18280,18280,18280,18280,18280,18280,18280,18280,18280,18280,18280,18280,18280,18280,18280,18280,18280,18280,18280,18280,18280,18280,18280,18280,18280,18280,18280,18280,18280,18280,18280,18280
Niger,NER,Land area (sq. km),AG.LND.TOTL.K2,,1266700,1266700,1266700,1266700,1266700,1266700,1266700,1266700,1266700,1266700,1266700,1266700,1266700,1266700,1266700,1266700,1266700,1266700,1266700,1266700,1266700,1266700,1266700,1266700,1266700,1266700,1266700,1266700,1266700,1266700,1266700,1266700,1266700,1266700,1266700,1266700,1266700,1266700,1266700,1266700,1266700,1266700,1266700,1266700,1266700,1266700,1266700,1266700,1266700,1266700,1266700,1266700,1266700,1266700
Nigeria,NGA,Land area (sq. km),AG.LND.TOTL.K2,,910770,910770,910770,910770,910770,910770,910770,910770,910770,910770,910770,910770,910770,910770,910770,910770,910770,910770,910770,910770,910770,910770,910770,910770,910770,910770,910770,910770,910770,910770,910770,910770,910770,910770,910770,910770,910770,910770,910770,910770,910770,910770,910770,910770,910770,910770,910770,910770,910770,910770,910770,910770,910770,910770
Nicaragua,NIC,Land area (sq. km),AG.LND.TOTL.K2,,120340,120340,120340,120340,120340,120340,120340,120340,120340,120340,120340,120340,120340,120340,120340,120340,120340,120340,120340,120340,120340,120340,120340,120340,120340,120340,120340,120340,120340,120340,120340,120340,120340,120340,120340,120340,120340,120340,120340,120340,120340,120340,120340,120340,120340,120340,120340,120340,120340,120340,120340,120340,120340,120340
Netherlands,NLD,Land area (sq. km),AG.LND.TOTL.K2,,33760,33760,33760,33760,33760,33760,33760,33760,33760,33760,33760,33760,33760,33760,33760,33760,33760,33760,33760,33760,33760,33760,33760,33760,33760,33760,33760,33760,33760,33760,33760,33760,33760,33760,33760,33760,33760,33760,33760,33760,33760,33760,33760,33760,33760,33760,33760,33760,33730,33730,33720,33720,33670,33670
Norway,NOR,Land area (sq. km),AG.LND.TOTL.K2,,365245,365245,365245,365245,365245,365245,365245,365245,365245,365245,365245,365245,365245,365245,365245,365245,365245,365245,365245,365245,365245,365245,365245,365245,365245,365245,365245,365245,365245,365245,365245,365245,365245,365245,365245,365245,365245,365245,365245,365245,365245,365245,365245,365245,365245,365245,365245,365245,365245,365245,365245,365245,365245,365245
Nepal,NPL,Land area (sq. km),AG.LND.TOTL.K2,,143000,143000,143000,143000,143000,143000,143000,143000,143000,143000,143000,143000,143000,143000,143000,143000,143000,143000,143000,143000,143000,143000,143000,143000,143000,143000,143000,143000,143000,143000,143000,143000,143000,143000,143000,143000,143000,143000,143000,143350,143350,143350,143350,143350,143350,143350,143350,143350,143350,143350,143350,143350,143350,143350
New Zealand,NZL,Land area (sq. km),AG.LND.TOTL.K2,,263310,263310,263310,263310,263310,263310,263310,263310,263310,263310,263310,263310,263310,263310,263310,263310,263310,263310,263310,263310,263310,263310,263310,263310,263310,263310,263310,263310,263310,263310,263310,263310,263310,263310,263310,263310,263310,263310,263310,263310,263310,263310,263310,263310,263310,263310,263310,263310,263310,263310,263310,263310,263310,263310
Oman,OMN,Land area (sq. km),AG.LND.TOTL.K2,,309500,309500,309500,309500,309500,309500,309500,309500,309500,309500,309500,309500,309500,309500,309500,309500,309500,309500,309500,309500,309500,309500,309500,309500,309500,309500,309500,309500,309500,309500,309500,309500,309500,309500,309500,309500,309500,309500,309500,309500,309500,309500,309500,309500,309500,309500,309500,309500,309500,309500,309500,309500,309500,309500
Pakistan,PAK,Land area (sq. km),AG.LND.TOTL.K2,,770880,770880,770880,770880,770880,770880,770880,770880,770880,770880,770880,770880,770880,770880,770880,770880,770880,770880,770880,770880,770880,770880,770880,770880,770880,770880,770880,770880,770880,770880,770880,770880,770880,770880,770880,770880,770880,770880,770880,770880,770880,770880,770880,770880,770880,770880,770880,770880,770880,770880,770880,770880,770880,770880
Panama,PAN,Land area (sq. km),AG.LND.TOTL.K2,,74340,74340,74340,74340,74340,74340,74340,74340,74340,74340,74340,74340,74340,74340,74340,74340,74340,74340,74340,74340,74340,74340,74340,74340,74340,74340,74340,74340,74340,74340,74340,74340,74340,74340,74340,74340,74340,74340,74340,74340,74340,74340,74340,74340,74340,74340,74340,74340,74340,74340,74340,74340,74340,74340
Peru,PER,Land area (sq. km),AG.LND.TOTL.K2,,1280000,1280000,1280000,1280000,1280000,1280000,1280000,1280000,1280000,1280000,1280000,1280000,1280000,1280000,1280000,1280000,1280000,1280000,1280000,1280000,1280000,1280000,1280000,1280000,1280000,1280000,1280000,1280000,1280000,1280000,1280000,1280000,1280000,1280000,1280000,1280000,1280000,1280000,1280000,1280000,1280000,1280000,1280000,1280000,1280000,1280000,1280000,1280000,1280000,1280000,1280000,1280000,1280000,1280000
Philippines,PHL,Land area (sq. km),AG.LND.TOTL.K2,,298260,298260,298260,298260,298260,298260,298260,298260,298260,298260,298260,298260,298230,298190,298170,298170,298170,298170,298170,298170,298170,298170,298170,298170,298170,298170,298170,298170,298170,298170,298170,298170,298170,298170,298170,298170,298170,298170,298170,298170,298170,298170,298170,298170,298170,298170,298170,298170,298170,298170,298170,298170,298170,298170
Palau,PLW,Land area (sq. km),AG.LND.TOTL.K2,,,,,,,,,,,,,,,,,,,,,,,,,,,,,,,,460,460,460,460,460,460,460,460,460,460,460,460,460,460,460,460,460,460,460,460,460,460,460,460
Papua New Guinea,PNG,Land area (sq. km),AG.LND.TOTL.K2,,452860,452860,452860,452860,452860,452860,452860,452860,452860,452860,452860,452860,452860,452860,452860,452860,452860,452860,452860,452860,452860,452860,452860,452860,452860,452860,452860,452860,452860,452860,452860,452860,452860,452860,452860,452860,452860,452860,452860,452860,452860,452860,452860,452860,452860,452860,452860,452860,452860,452860,452860,452860,452860,452860
Poland,POL,Land area (sq. km),AG.LND.TOTL.K2,,306290,306290,306290,306290,306290,306290,306290,306290,306290,306290,306290,306290,306290,306290,306290,306290,306290,306290,306290,306290,306290,306290,306290,306290,306290,306290,306290,306290,306290,306290,306290,306290,306290,306290,306290,306290,306290,306290,306290,306290,306290,306290,306240,306330,306330,306320,306320,306300,306280,306280,306230,306220,306210,306210
Puerto Rico,PRI,Land area (sq. km),AG.LND.TOTL.K2,,8870,8870,8870,8870,8870,8870,8870,8870,8870,8870,8870,8870,8870,8870,8870,8870,8870,8870,8870,8870,8870,8870,8870,8870,8870,8870,8870,8870,8870,8870,8870,8870,8870,8870,8870,8870,8870,8870,8870,8870,8870,8870,8870,8870,8870,8870,8870,8870,8870,8870,8870,8870,8870,8870
"Korea, Dem. Rep.",PRK,Land area (sq. km),AG.LND.TOTL.K2,,120410,120410,120410,120410,120410,120410,120410,120410,120410,120410,120410,120410,120410,120410,120410,120410,120410,120410,120410,120410,120410,120410,120410,120410,120410,120410,120410,120410,120410,120410,120410,120410,120410,120410,120410,120410,120410,120410,120410,120410,120410,120410,120410,120410,120410,120410,120410,120410,120410,120410,120410,120410,120410,120410
Portugal,PRT,Land area (sq. km),AG.LND.TOTL.K2,,91500,91500,91500,91500,91500,91500,91500,91500,91500,91500,91500,91500,91500,91500,91500,91500,91500,91500,91500,91500,91500,91500,91500,91500,91500,91500,91500,91500,91500,91500,91500,91500,91500,91500,91500,91500,91500,91500,91500,91500,91500,91500,91500,91500,91470,91470,91470,91470,91590,91590,91590,91590,91600,91600
Paraguay,PRY,Land area (sq. km),AG.LND.TOTL.K2,,397300,397300,397300,397300,397300,397300,397300,397300,397300,397300,397300,397300,397300,397300,397300,397300,397300,397300,397300,397300,397300,397300,397300,397300,397300,397300,397300,397300,397300,397300,397300,397300,397300,397300,397300,397300,397300,397300,397300,397300,397300,397300,397300,397300,397300,397300,397300,397300,397300,397300,397300,397300,397300,397300
West Bank and Gaza,PSE,Land area (sq. km),AG.LND.TOTL.K2,,6020,6020,6020,6020,6020,6020,6020,6020,6020,6020,6020,6020,6020,6020,6020,6020,6020,6020,6020,6020,6020,6020,6020,6020,6020,6020,6020,6020,6020,6020,6020,6020,6020,6020,6020,6020,6020,6020,6020,6020,6020,6020,6020,6020,6020,6020,6020,6020,6020,6020,6020,6020,6020,6020
Pacific island small states,PSS,Land area (sq. km),AG.LND.TOTL.K2,,62840,62840,62840,62840,62840,62840,62840,62840,62840,62840,62840,62840,62840,62840,62840,62840,62840,62840,62840,62840,62840,62840,62840,62840,62840,62840,62840,62840,62840,62840,64180,64180,64180,64180,64180,64180,64180,64180,64180,64180,64180,64180,64180,64180,64180,64180,64180,64180,64180,64180,64180,64180,64180,64180
French Polynesia,PYF,Land area (sq. km),AG.LND.TOTL.K2,,3660,3660,3660,3660,3660,3660,3660,3660,3660,3660,3660,3660,3660,3660,3660,3660,3660,3660,3660,3660,3660,3660,3660,3660,3660,3660,3660,3660,3660,3660,3660,3660,3660,3660,3660,3660,3660,3660,3660,3660,3660,3660,3660,3660,3660,3660,3660,3660,3660,3660,3660,3660,3660,3660
Qatar,QAT,Land area (sq. km),AG.LND.TOTL.K2,,11610,11610,11610,11610,11610,11610,11610,11610,11610,11610,11610,11610,11610,11610,11610,11610,11610,11610,11610,11610,11610,11610,11610,11610,11610,11610,11610,11610,11610,11610,11610,11610,11610,11610,11610,11610,11610,11610,11610,11610,11610,11610,11610,11610,11610,11610,11610,11610,11610,11610,11610,11610,11610,11610
Romania,ROU,Land area (sq. km),AG.LND.TOTL.K2,,230340,230340,230340,230340,230340,230340,230340,230340,230340,230340,230340,230340,230340,230340,230340,230340,230340,230340,230340,230340,230340,230340,230340,230340,230340,230340,230340,230340,229350,229350,229460,229460,229460,229510,229490,229520,229530,229590,229600,229710,229710,229870,229950,230000,229980,229980,229890,229900,230060,230050,230170,230020,230030,230030
Russian Federation,RUS,Land area (sq. km),AG.LND.TOTL.K2,,16389950,16389950,16389950,16389950,16389950,16389950,16389950,16389950,16389950,16389950,16389950,16389950,16389950,16389950,16389950,16389950,16389950,16389950,16389950,16389950,16389950,16389950,16389950,16389950,16389950,16389950,16389950,16389950,16389950,16389950,16389950,16389950,16386180,16381330,16378380,16377960,16378650,16381300,16388510,16381340,16380440,16380940,16380980,16381230,16381390,16377740,16377740,16376870,16376870,16376870,16376870,16376870,16376870,16376870
Rwanda,RWA,Land area (sq. km),AG.LND.TOTL.K2,,24670,24670,24670,24670,24670,24670,24670,24670,24670,24670,24670,24670,24670,24670,24670,24670,24670,24670,24670,24670,24670,24670,24670,24670,24670,24670,24670,24670,24670,24670,24670,24670,24670,24670,24670,24670,24670,24670,24670,24670,24670,24670,24670,24670,24670,24670,24670,24670,24670,24670,24670,24670,24670,24670
Saudi Arabia,SAU,Land area (sq. km),AG.LND.TOTL.K2,,2149690,2149690,2149690,2149690,2149690,2149690,2149690,2149690,2149690,2149690,2149690,2149690,2149690,2149690,2149690,2149690,2149690,2149690,2149690,2149690,2149690,2149690,2149690,2149690,2149690,2149690,2149690,2149690,2149690,2149690,2149690,2149690,2149690,2149690,2149690,2149690,2149690,2149690,2149690,2149690,2149690,2149690,2149690,2149690,2149690,2149690,2149690,2149690,2149690,2149690,2149690,2149690,2149690,2149690
Sudan,SDN,Land area (sq. km),AG.LND.TOTL.K2,,2376000,2376000,2376000,2376000,2376000,2376000,2376000,2376000,2376000,2376000,2376000,2376000,2376000,2376000,2376000,2376000,2376000,2376000,2376000,2376000,2376000,2376000,2376000,2376000,2376000,2376000,2376000,2376000,2376000,2376000,2376000,2376000,2376000,2376000,2376000,2376000,2376000,2376000,2376000,2376000,2376000,2376000,2376000,2376000,2376000,2376000,2376000,2376000,2376000,2376000,2376000,2376000,2376000,2376000
Senegal,SEN,Land area (sq. km),AG.LND.TOTL.K2,,192530,192530,192530,192530,192530,192530,192530,192530,192530,192530,192530,192530,192530,192530,192530,192530,192530,192530,192530,192530,192530,192530,192530,192530,192530,192530,192530,192530,192530,192530,192530,192530,192530,192530,192530,192530,192530,192530,192530,192530,192530,192530,192530,192530,192530,192530,192530,192530,192530,192530,192530,192530,192530,192530
Singapore,SGP,Land area (sq. km),AG.LND.TOTL.K2,,670,670,670,670,670,670,670,670,670,670,670,670,670,670,670,670,670,670,670,670,670,670,670,670,670,670,670,670,670,670,670,670,670,670,670,670,670,670,670,670,670,675,687,689,689,694,695,700,700,702,704,706,707,707
Solomon Islands,SLB,Land area (sq. km),AG.LND.TOTL.K2,,27990,27990,27990,27990,27990,27990,27990,27990,27990,27990,27990,27990,27990,27990,27990,27990,27990,27990,27990,27990,27990,27990,27990,27990,27990,27990,27990,27990,27990,27990,27990,27990,27990,27990,27990,27990,27990,27990,27990,27990,27990,27990,27990,27990,27990,27990,27990,27990,27990,27990,27990,27990,27990,27990
Sierra Leone,SLE,Land area (sq. km),AG.LND.TOTL.K2,,72180,72180,72180,72180,72180,72180,72180,72180,72180,72180,72180,72180,72180,72180,72180,72180,72180,72180,72180,72180,72180,72180,72180,72180,72180,72180,72180,72180,72180,72180,72180,72180,72180,72180,72180,72180,72180,72180,72180,72180,72180,72180,72180,72180,72180,72180,72180,72180,72180,72180,72180,72180,72180,72180
El Salvador,SLV,Land area (sq. km),AG.LND.TOTL.K2,,20850,20850,20850,20850,20850,20850,20850,20850,20850,20850,20850,20850,20850,20850,20850,20720,20720,20720,20720,20720,20720,20720,20720,20720,20720,20720,20720,20720,20720,20720,20720,20720,20720,20720,20720,20720,20720,20720,20720,20720,20720,20720,20720,20720,20720,20720,20720,20720,20720,20720,20720,20720,20720,20720
San Marino,SMR,Land area (sq. km),AG.LND.TOTL.K2,,60,60,60,60,60,60,60,60,60,60,60,60,60,60,60,60,60,60,60,60,60,60,60,60,60,60,60,60,60,60,60,60,60,60,60,60,60,60,60,60,60,60,60,60,60,60,60,60,60,60,60,60,60,60
Somalia,SOM,Land area (sq. km),AG.LND.TOTL.K2,,627340,627340,627340,627340,627340,627340,627340,627340,627340,627340,627340,627340,627340,627340,627340,627340,627340,627340,627340,627340,627340,627340,627340,627340,627340,627340,627340,627340,627340,627340,627340,627340,627340,627340,627340,627340,627340,627340,627340,627340,627340,627340,627340,627340,627340,627340,627340,627340,627340,627340,627340,627340,627340,627340
Serbia,SRB,Land area (sq. km),AG.LND.TOTL.K2,,87460,87460,87460,87460,87460,87460,87460,87460,87460,87460,87460,87460,87460,87460,87460,87460,87460,87460,87460,87460,87460,87460,87460,87460,87460,87460,87460,87460,87460,87460,87460,87460,87460,87460,87460,87460,87460,87460,87460,87460,87460,87460,87460,87460,87460,87460,87460,87460,87460,87460,87460,87460,87460,87460
South Sudan,SSD,Land area (sq. km),AG.LND.TOTL.K2,,,,,,,,,,,,,,,,,,,,,,,,,,,,,,,,,,,,,,,,,,,,,,,,,,,,,,,
Sao Tome and Principe,STP,Land area (sq. km),AG.LND.TOTL.K2,,960,960,960,960,960,960,960,960,960,960,960,960,960,960,960,960,960,960,960,960,960,960,960,960,960,960,960,960,960,960,960,960,960,960,960,960,960,960,960,960,960,960,960,960,960,960,960,960,960,960,960,960,960,960
Suriname,SUR,Land area (sq. km),AG.LND.TOTL.K2,,156000,156000,156000,156000,156000,156000,156000,156000,156000,156000,156000,156000,156000,156000,156000,156000,156000,156000,156000,156000,156000,156000,156000,156000,156000,156000,156000,156000,156000,156000,156000,156000,156000,156000,156000,156000,156000,156000,156000,156000,156000,156000,156000,156000,156000,156000,156000,156000,156000,156000,156000,156000,156000,156000
Slovak Republic,SVK,Land area (sq. km),AG.LND.TOTL.K2,,48100,48100,48100,48100,48100,48100,48100,48100,48100,48100,48100,48100,48100,48100,48100,48100,48100,48100,48100,48100,48100,48100,48100,48100,48100,48100,48100,48100,48100,48100,48100,48100,48100,48100,48100,48100,48100,48100,48100,48100,48100,48100,48110,48100,48100,48100,48100,48100,48090,48091,48088,48088,48088,48088
Slovenia,SVN,Land area (sq. km),AG.LND.TOTL.K2,,20140,20140,20140,20140,20140,20140,20140,20140,20140,20140,20140,20140,20140,20140,20140,20140,20140,20140,20140,20140,20140,20140,20140,20140,20140,20140,20140,20140,20140,20140,20140,20140,20140,20140,20140,20140,20140,20140,20140,20140,20140,20140,20140,20140,20140,20140,20140,20140,20140,20140,20140,20140,20140,20140
Sweden,SWE,Land area (sq. km),AG.LND.TOTL.K2,,410340,410340,410340,410340,410340,410340,410340,410340,410340,410340,410340,410340,410340,410340,410340,410340,410340,410340,410340,410340,410340,410340,410340,410340,410340,410340,410340,410340,410340,410340,410340,410340,410340,410340,410340,410340,410340,410340,410340,410340,410340,410340,410340,410340,410340,410340,410340,410340,410340,410340,410340,407340,407340,407340
Swaziland,SWZ,Land area (sq. km),AG.LND.TOTL.K2,,17200,17200,17200,17200,17200,17200,17200,17200,17200,17200,17200,17200,17200,17200,17200,17200,17200,17200,17200,17200,17200,17200,17200,17200,17200,17200,17200,17200,17200,17200,17200,17200,17200,17200,17200,17200,17200,17200,17200,17200,17200,17200,17200,17200,17200,17200,17200,17200,17200,17200,17200,17200,17200,17200
Sint Maarten (Dutch part),SXM,Land area (sq. km),AG.LND.TOTL.K2,,34,34,34,34,34,34,34,34,34,34,34,34,34,34,34,34,34,34,34,34,34,34,34,34,34,34,34,34,34,34,34,34,34,34,34,34,34,34,34,34,34,34,34,34,34,34,34,34,34,34,34,34,34,34
Seychelles,SYC,Land area (sq. km),AG.LND.TOTL.K2,,460,460,460,460,460,460,460,460,460,460,460,460,460,460,460,460,460,460,460,460,460,460,460,460,460,460,460,460,460,460,460,460,460,460,460,460,460,460,460,460,460,460,460,460,460,460,460,460,460,460,460,460,455,455
Syrian Arab Republic,SYR,Land area (sq. km),AG.LND.TOTL.K2,,183780,183780,183780,183780,183780,183780,183780,183780,183780,183780,183780,183780,183780,183780,183780,183780,183780,183780,183780,183780,183780,183780,183780,183780,183780,183780,183780,183780,183780,183780,183780,183780,183780,183780,183780,183780,183780,183780,183780,183780,183780,183780,183590,183570,183570,183630,183640,183640,183640,183630,183630,183630,183630,183630
Turks and Caicos Islands,TCA,Land area (sq. km),AG.LND.TOTL.K2,,950,950,950,950,950,950,950,950,950,950,950,950,950,950,950,950,950,950,950,950,950,950,950,950,950,950,950,950,950,950,950,950,950,950,950,950,950,950,950,950,950,950,950,950,950,950,950,950,950,950,950,950,950,950
Chad,TCD,Land area (sq. km),AG.LND.TOTL.K2,,1260000,1260000,1260000,1260000,1260000,1260000,1260000,1260000,1260000,1260000,1260000,1260000,1260000,1259600,1259200,1259200,1259200,1259200,1259200,1259200,1259200,1259200,1259200,1259200,1259200,1259200,1259200,1259200,1259200,1259200,1259200,1259200,1259200,1259200,1259200,1259200,1259200,1259200,1259200,1259200,1259200,1259200,1259200,1259200,1259200,1259200,1259200,1259200,1259200,1259200,1259200,1259200,1259200,1259200
Togo,TGO,Land area (sq. km),AG.LND.TOTL.K2,,54390,54390,54390,54390,54390,54390,54390,54390,54390,54390,54390,54390,54390,54390,54390,54390,54390,54390,54390,54390,54390,54390,54390,54390,54390,54390,54390,54390,54390,54390,54390,54390,54390,54390,54390,54390,54390,54390,54390,54390,54390,54390,54390,54390,54390,54390,54390,54390,54390,54390,54390,54390,54390,54390
Thailand,THA,Land area (sq. km),AG.LND.TOTL.K2,,510890,510890,510890,510890,510890,510890,510890,510890,510890,510890,510890,510890,510890,510890,510890,510890,510890,510890,510890,510890,510890,510890,510890,510890,510890,510890,510890,510890,510890,510890,510890,510890,510890,510890,510890,510890,510890,510890,510890,510890,510890,510890,510890,510890,510890,510890,510890,510890,510890,510890,510890,510890,510890,510890
Tajikistan,TJK,Land area (sq. km),AG.LND.TOTL.K2,,139960,139960,139960,139960,139960,139960,139960,139960,139960,139960,139960,139960,139960,139960,139960,139960,139960,139960,139960,139960,139960,139960,139960,139960,139960,139960,139960,139960,139960,139960,139960,139960,139960,139960,139960,139960,139960,139960,139960,139960,139960,139960,139960,139960,139960,139960,139960,139960,139960,139960,139960,139960,139960,139960
Turkmenistan,TKM,Land area (sq. km),AG.LND.TOTL.K2,,469930,469930,469930,469930,469930,469930,469930,469930,469930,469930,469930,469930,469930,469930,469930,469930,469930,469930,469930,469930,469930,469930,469930,469930,469930,469930,469930,469930,469930,469930,469930,469930,469930,469930,469930,469930,469930,469930,469930,469930,469930,469930,469930,469930,469930,469930,469930,469930,469930,469930,469930,469930,469930,469930
Timor-Leste,TLS,Land area (sq. km),AG.LND.TOTL.K2,,14870,14870,14870,14870,14870,14870,14870,14870,14870,14870,14870,14870,14870,14870,14870,14870,14870,14870,14870,14870,14870,14870,14870,14870,14870,14870,14870,14870,14870,14870,14870,14870,14870,14870,14870,14870,14870,14870,14870,14870,14870,14870,14870,14870,14870,14870,14870,14870,14870,14870,14870,14870,14870,14870
Tonga,TON,Land area (sq. km),AG.LND.TOTL.K2,,720,720,720,720,720,720,720,720,720,720,720,720,720,720,720,720,720,720,720,720,720,720,720,720,720,720,720,720,720,720,720,720,720,720,720,720,720,720,720,720,720,720,720,720,720,720,720,720,720,720,720,720,720,720
Trinidad and Tobago,TTO,Land area (sq. km),AG.LND.TOTL.K2,,5130,5130,5130,5130,5130,5130,5130,5130,5130,5130,5130,5130,5130,5130,5130,5130,5130,5130,5130,5130,5130,5130,5130,5130,5130,5130,5130,5130,5130,5130,5130,5130,5130,5130,5130,5130,5130,5130,5130,5130,5130,5130,5130,5130,5130,5130,5130,5130,5130,5130,5130,5130,5130,5130
Tunisia,TUN,Land area (sq. km),AG.LND.TOTL.K2,,155360,155360,155360,155360,155360,155360,155360,155360,155360,155360,155360,155360,155360,155360,155360,155360,155360,155360,155360,155360,155360,155360,155360,155360,155360,155360,155360,155360,155360,155360,155360,155360,155360,155360,155360,155360,155360,155360,155360,155360,155360,155360,155360,155360,155360,155360,155360,155360,155360,155360,155360,155360,155360,155360
Turkey,TUR,Land area (sq. km),AG.LND.TOTL.K2,,769630,769630,769630,769630,769630,769630,769630,769630,769630,769630,769630,769630,769630,769630,769630,769630,769630,769630,769630,769630,769630,769630,769630,769630,769630,769630,769630,769630,769630,769630,769630,769630,769630,769630,769630,769630,769630,769630,769630,769630,769630,769630,769630,769630,769630,769630,769630,769630,769630,769630,769630,769630,769630,769630
Tuvalu,TUV,Land area (sq. km),AG.LND.TOTL.K2,,30,30,30,30,30,30,30,30,30,30,30,30,30,30,30,30,30,30,30,30,30,30,30,30,30,30,30,30,30,30,30,30,30,30,30,30,30,30,30,30,30,30,30,30,30,30,30,30,30,30,30,30,30,30
Tanzania,TZA,Land area (sq. km),AG.LND.TOTL.K2,,885800,885800,885800,885800,885800,885800,885800,885800,885800,885800,885800,885800,885800,885800,885800,885800,885800,885800,885800,885800,885800,885800,885800,885800,885800,885800,885800,885800,885800,885800,885800,885800,885800,885800,885800,885800,885800,885800,885800,885800,885800,885800,885800,885800,885800,885800,885800,885800,885800,885800,885800,885800,885800,885800
Uganda,UGA,Land area (sq. km),AG.LND.TOTL.K2,,199810,199810,199810,199810,199810,199810,199810,199810,199810,199810,199810,199810,199810,199810,199810,199810,199810,199810,199810,199810,199810,199810,199810,199810,199810,199810,199810,199810,199810,199810,199810,199810,199810,199810,199810,199810,199810,199810,199810,199810,199810,199810,199810,199810,199810,199810,199810,199810,199810,200520,200520,200520,200520,200520
Ukraine,UKR,Land area (sq. km),AG.LND.TOTL.K2,,579350,579350,579350,579350,579350,579350,579350,579350,579350,579350,579350,579350,579350,579350,579350,579350,579350,579350,579350,579350,579350,579350,579350,579350,579350,579350,579350,579350,579350,579350,579350,579350,579350,579350,579350,579350,579350,579350,579350,579350,579350,579340,579340,579340,579380,579360,579330,579320,579320,579320,579320,579320,579320,579320
Uruguay,URY,Land area (sq. km),AG.LND.TOTL.K2,,175020,175020,175020,175020,175020,175020,175020,175020,175020,175020,175020,175020,175020,175020,175020,175020,175020,175020,175020,175020,175020,175020,175020,175020,175020,175020,175020,175020,175020,175020,175020,175020,175020,175020,175020,175020,175020,175020,175020,175020,175020,175020,175020,175020,175020,175020,175020,175020,175020,175020,175020,175020,175020,175020
United States,USA,Land area (sq. km),AG.LND.TOTL.K2,,9158960,9158960,9158960,9158960,9158960,9158960,9158960,9158960,9158960,9158960,9158960,9158960,9158960,9158960,9158960,9158960,9158960,9158960,9158960,9158960,9158960,9158960,9158960,9158960,9158960,9158960,9158960,9158960,9158960,9158960,9158960,9158960,9158960,9158960,9158960,9158960,9158960,9158960,9158960,9161920,9161920,9161920,9161920,9161920,9161920,9161920,9161920,9147420,9147420,9147420,9147420,9147420,9147420,9147420
Uzbekistan,UZB,Land area (sq. km),AG.LND.TOTL.K2,,425400,425400,425400,425400,425400,425400,425400,425400,425400,425400,425400,425400,425400,425400,425400,425400,425400,425400,425400,425400,425400,425400,425400,425400,425400,425400,425400,425400,425400,425400,425400,425400,425400,425400,425400,425400,425400,425400,425400,425400,425400,425400,425400,425400,425400,425400,425400,425400,425400,425400,425400,425400,425400,425400
St. Vincent and the Grenadines,VCT,Land area (sq. km),AG.LND.TOTL.K2,,390,390,390,390,390,390,390,390,390,390,390,390,390,390,390,390,390,390,390,390,390,390,390,390,390,390,390,390,390,390,390,390,390,390,390,390,390,390,390,390,390,390,390,390,390,390,390,390,390,390,390,390,390,390
"Venezuela, RB",VEN,Land area (sq. km),AG.LND.TOTL.K2,,882050,882050,882050,882050,882050,882050,882050,882050,882050,882050,882050,882050,882050,882050,882050,882050,882050,882050,882050,882050,882050,882050,882050,882050,882050,882050,882050,882050,882050,882050,882050,882050,882050,882050,882050,882050,882050,882050,882050,882050,882050,882050,882050,882050,882050,882050,882050,882050,882050,882050,882050,882050,882050,882050
Virgin Islands (U.S.),VIR,Land area (sq. km),AG.LND.TOTL.K2,,350,350,350,350,350,350,350,350,350,350,350,350,350,350,350,350,350,350,350,350,350,350,350,350,350,350,350,350,350,350,350,350,350,350,350,350,350,350,350,350,350,350,350,350,350,350,350,350,350,350,350,350,350,350
Vietnam,VNM,Land area (sq. km),AG.LND.TOTL.K2,,325490,325490,325490,325490,325490,325490,325490,325490,325490,325490,325490,325490,325490,325490,325490,325490,325490,325490,325490,325490,325490,325490,325490,325490,325490,325490,325490,325490,325490,325490,325490,325490,325490,325490,325490,325490,325490,325490,325490,311060,311090,310550,310070,310070,310070,310070,310070,310070,310070,310070,310070,310070,310070,310070
Vanuatu,VUT,Land area (sq. km),AG.LND.TOTL.K2,,12190,12190,12190,12190,12190,12190,12190,12190,12190,12190,12190,12190,12190,12190,12190,12190,12190,12190,12190,12190,12190,12190,12190,12190,12190,12190,12190,12190,12190,12190,12190,12190,12190,12190,12190,12190,12190,12190,12190,12190,12190,12190,12190,12190,12190,12190,12190,12190,12190,12190,12190,12190,12190,12190
Samoa,WSM,Land area (sq. km),AG.LND.TOTL.K2,,2830,2830,2830,2830,2830,2830,2830,2830,2830,2830,2830,2830,2830,2830,2830,2830,2830,2830,2830,2830,2830,2830,2830,2830,2830,2830,2830,2830,2830,2830,2830,2830,2830,2830,2830,2830,2830,2830,2830,2830,2830,2830,2830,2830,2830,2830,2830,2830,2830,2830,2830,2830,2830,2830
"Yemen, Rep.",YEM,Land area (sq. km),AG.LND.TOTL.K2,,527970,527970,527970,527970,527970,527970,527970,527970,527970,527970,527970,527970,527970,527970,527970,527970,527970,527970,527970,527970,527970,527970,527970,527970,527970,527970,527970,527970,527970,527970,527970,527970,527970,527970,527970,527970,527970,527970,527970,527970,527970,527970,527970,527970,527970,527970,527970,527970,527970,527970,527970,527970,527970,527970
South Africa,ZAF,Land area (sq. km),AG.LND.TOTL.K2,,1213090,1213090,1213090,1213090,1213090,1213090,1213090,1213090,1213090,1213090,1213090,1213090,1213090,1213090,1213090,1213090,1213090,1213090,1213090,1213090,1213090,1213090,1213090,1213090,1213090,1213090,1213090,1213090,1213090,1213090,1213090,1213090,1213090,1213090,1213090,1213090,1213090,1213090,1213090,1213090,1213090,1213090,1213090,1213090,1213090,1213090,1213090,1213090,1213090,1213090,1213090,1213090,1213090,1213090
Zambia,ZMB,Land area (sq. km),AG.LND.TOTL.K2,,743390,743390,743390,743390,743390,743390,743390,743390,743390,743390,743390,743390,743390,743390,743390,743390,743390,743390,743390,743390,743390,743390,743390,743390,743390,743390,743390,743390,743390,743390,743390,743390,743390,743390,743390,743390,743390,743390,743390,743390,743390,743390,743390,743390,743390,743390,743390,743390,743390,743390,743390,743390,743390,743390
Zimbabwe,ZWE,Land area (sq. km),AG.LND.TOTL.K2,,386850,386850,386850,386850,386850,386850,386850,386850,386850,386850,386850,386850,386850,386850,386850,386850,386850,386850,386850,386850,386850,386850,386850,386850,386850,386850,386850,386850,386850,386850,386850,386850,386850,386850,386850,386850,386850,386850,386850,386850,386850,386850,386850,386850,386850,386850,386850,386850,386850,386850,386850,386850,386850,386850
